{
    "$schema": "http://schema.management.azure.com/schemas/2015-01-01/deploymentTemplate.json#",
    "contentVersion": "1.0.0.0",
    "parameters": {
        "factoryName": {
            "type": "string",
            "metadata": "Data Factory name",
            "defaultValue": "adf-msam-demo01"
        },
        "AzureDataLakeStorage1_accountKey": {
            "type": "secureString",
            "metadata": "Secure string for 'accountKey' of 'AzureDataLakeStorage1'"
        },
        "AzureDataLakeStorage1_properties_typeProperties_url": {
            "type": "string",
            "defaultValue": "https://msamdatalakegen2.dfs.core.windows.net/"
        },
        "AzureKeyVault1_properties_typeProperties_baseUrl": {
            "type": "string",
            "defaultValue": "https://kv-msam-demo01.vault.azure.net/"
        },
        "onpremsqlserver_properties_typeProperties_server": {
            "type": "string",
            "defaultValue": "Medusa\\SQLEXPRESS"
        },
        "onpremsqlserver_properties_typeProperties_database": {
            "type": "string",
            "defaultValue": "AdventureWorksLT2017"
        },
        "onpremsqlserver_properties_typeProperties_userName": {
            "type": "string",
            "defaultValue": "sam"
        },
        "AzureDatabricks1_properties_typeProperties_existingClusterId": {
            "type": "string",
            "defaultValue": "0609-080105-82cse6ta"
        }
    },
    "variables": {
        "factoryId": "[concat('Microsoft.DataFactory/factories/', parameters('factoryName'))]"
    },
    "resources": [
        {
            "name": "[concat(parameters('factoryName'), '/AzureDataLakeStorage1')]",
            "type": "Microsoft.DataFactory/factories/linkedServices",
            "apiVersion": "2018-06-01",
            "properties": {
                "annotations": [],
                "type": "AzureBlobFS",
                "typeProperties": {
                    "url": "[parameters('AzureDataLakeStorage1_properties_typeProperties_url')]",
                    "accountKey": {
                        "type": "SecureString",
                        "value": "[parameters('AzureDataLakeStorage1_accountKey')]"
                    }
                }
            },
            "dependsOn": []
        },
        {
            "name": "[concat(parameters('factoryName'), '/AzureKeyVault1')]",
            "type": "Microsoft.DataFactory/factories/linkedServices",
            "apiVersion": "2018-06-01",
            "properties": {
                "annotations": [],
                "type": "AzureKeyVault",
                "typeProperties": {
                    "baseUrl": "[parameters('AzureKeyVault1_properties_typeProperties_baseUrl')]"
                }
            },
            "dependsOn": []
        },
        {
            "name": "[concat(parameters('factoryName'), '/SHIR')]",
            "type": "Microsoft.DataFactory/factories/integrationRuntimes",
            "apiVersion": "2018-06-01",
            "properties": {
                "type": "SelfHosted",
                "description": "used to connect to SQL Server",
                "typeProperties": {}
            },
            "dependsOn": []
        },
        {
            "name": "[concat(parameters('factoryName'), '/address_parquet')]",
            "type": "Microsoft.DataFactory/factories/datasets",
            "apiVersion": "2018-06-01",
            "properties": {
                "linkedServiceName": {
                    "referenceName": "AzureDataLakeStorage1",
                    "type": "LinkedServiceReference"
                },
                "annotations": [],
                "type": "Parquet",
                "typeProperties": {
                    "location": {
                        "type": "AzureBlobFSLocation",
                        "fileSystem": "bronze"
                    },
                    "compressionCodec": "snappy"
                },
                "schema": []
            },
            "dependsOn": [
                "[concat(variables('factoryId'), '/linkedServices/AzureDataLakeStorage1')]"
            ]
        },
        {
            "name": "[concat(parameters('factoryName'), '/ParquetTables')]",
            "type": "Microsoft.DataFactory/factories/datasets",
            "apiVersion": "2018-06-01",
            "properties": {
                "linkedServiceName": {
                    "referenceName": "AzureDataLakeStorage1",
                    "type": "LinkedServiceReference"
                },
                "parameters": {
                    "schemaname": {
                        "type": "string"
                    },
                    "tablename": {
                        "type": "string"
                    }
                },
                "annotations": [],
                "type": "Parquet",
                "typeProperties": {
                    "location": {
                        "type": "AzureBlobFSLocation",
                        "fileName": {
                            "value": "@{concat(dataset().tablename, '.parquet')}",
                            "type": "Expression"
                        },
                        "folderPath": {
                            "value": "@{concat(dataset().schemaname, '/' , dataset().tablename)}",
                            "type": "Expression"
                        },
                        "fileSystem": "bronze"
                    },
                    "compressionCodec": "snappy"
                },
                "schema": []
            },
            "dependsOn": [
                "[concat(variables('factoryId'), '/linkedServices/AzureDataLakeStorage1')]"
            ]
        },
        {
            "name": "[concat(parameters('factoryName'), '/onpremsqlserver')]",
            "type": "Microsoft.DataFactory/factories/linkedServices",
            "apiVersion": "2018-06-01",
            "properties": {
                "annotations": [],
                "type": "SqlServer",
                "typeProperties": {
                    "server": "[parameters('onpremsqlserver_properties_typeProperties_server')]",
                    "database": "[parameters('onpremsqlserver_properties_typeProperties_database')]",
                    "encrypt": "optional",
                    "trustServerCertificate": false,
                    "authenticationType": "Windows",
                    "userName": "[parameters('onpremsqlserver_properties_typeProperties_userName')]",
                    "password": {
                        "type": "AzureKeyVaultSecret",
                        "store": {
                            "referenceName": "AzureKeyVault1",
                            "type": "LinkedServiceReference"
                        },
                        "secretName": "password"
                    }
                },
                "connectVia": {
                    "referenceName": "SHIR",
                    "type": "IntegrationRuntimeReference"
                }
            },
            "dependsOn": [
                "[concat(variables('factoryId'), '/integrationRuntimes/SHIR')]",
                "[concat(variables('factoryId'), '/linkedServices/AzureKeyVault1')]"
            ]
        },
        {
            "name": "[concat(parameters('factoryName'), '/AzureDatabricks1')]",
            "type": "Microsoft.DataFactory/factories/linkedServices",
            "apiVersion": "2018-06-01",
            "properties": {
                "annotations": [],
                "type": "AzureDatabricks",
                "typeProperties": {
                    "domain": "https://adb-733336375684364.4.azuredatabricks.net",
                    "accessToken": {
                        "type": "AzureKeyVaultSecret",
                        "store": {
                            "referenceName": "AzureKeyVault1",
                            "type": "LinkedServiceReference"
                        },
                        "secretName": "dbwToken"
                    },
                    "existingClusterId": "[parameters('AzureDatabricks1_properties_typeProperties_existingClusterId')]"
                }
            },
            "dependsOn": [
                "[concat(variables('factoryId'), '/linkedServices/AzureKeyVault1')]"
            ]
        },
        {
            "name": "[concat(parameters('factoryName'), '/address')]",
            "type": "Microsoft.DataFactory/factories/datasets",
            "apiVersion": "2018-06-01",
            "properties": {
                "linkedServiceName": {
                    "referenceName": "onpremsqlserver",
                    "type": "LinkedServiceReference"
                },
                "annotations": [],
                "type": "SqlServerTable",
                "schema": [
                    {
                        "name": "AddressID",
                        "type": "int",
                        "precision": 10
                    },
                    {
                        "name": "Street",
                        "type": "nvarchar"
                    },
                    {
                        "name": "City",
                        "type": "nvarchar"
                    },
                    {
                        "name": "State",
                        "type": "nvarchar"
                    },
                    {
                        "name": "ZipCode",
                        "type": "nvarchar"
                    }
                ],
                "typeProperties": {
                    "schema": "dbo",
                    "table": "Address"
                }
            },
            "dependsOn": [
                "[concat(variables('factoryId'), '/linkedServices/onpremsqlserver')]"
            ]
        },
        {
            "name": "[concat(parameters('factoryName'), '/SqlServerTables')]",
            "type": "Microsoft.DataFactory/factories/datasets",
            "apiVersion": "2018-06-01",
            "properties": {
                "linkedServiceName": {
                    "referenceName": "onpremsqlserver",
                    "type": "LinkedServiceReference"
                },
                "annotations": [],
                "type": "SqlServerTable",
                "schema": [],
                "typeProperties": {}
            },
            "dependsOn": [
                "[concat(variables('factoryId'), '/linkedServices/onpremsqlserver')]"
            ]
        },
        {
            "name": "[concat(parameters('factoryName'), '/SqlServerCopy')]",
            "type": "Microsoft.DataFactory/factories/datasets",
            "apiVersion": "2018-06-01",
            "properties": {
                "linkedServiceName": {
                    "referenceName": "onpremsqlserver",
                    "type": "LinkedServiceReference"
                },
                "annotations": [],
                "type": "SqlServerTable",
                "schema": [],
                "typeProperties": {}
            },
            "dependsOn": [
                "[concat(variables('factoryId'), '/linkedServices/onpremsqlserver')]"
            ]
        },
        {
            "name": "[concat(parameters('factoryName'), '/copy_pipeline')]",
            "type": "Microsoft.DataFactory/factories/pipelines",
            "apiVersion": "2018-06-01",
            "properties": {
                "activities": [
                    {
                        "name": "copy_address_table",
                        "type": "Copy",
                        "dependsOn": [],
                        "policy": {
                            "timeout": "0.12:00:00",
                            "retry": 0,
                            "retryIntervalInSeconds": 30,
                            "secureOutput": false,
                            "secureInput": false
                        },
                        "userProperties": [],
                        "typeProperties": {
                            "source": {
                                "type": "SqlServerSource",
                                "queryTimeout": "02:00:00",
                                "partitionOption": "None"
                            },
                            "sink": {
                                "type": "ParquetSink",
                                "storeSettings": {
                                    "type": "AzureBlobFSWriteSettings"
                                },
                                "formatSettings": {
                                    "type": "ParquetWriteSettings"
                                }
                            },
                            "enableStaging": false,
                            "translator": {
                                "type": "TabularTranslator",
                                "typeConversion": true,
                                "typeConversionSettings": {
                                    "allowDataTruncation": true,
                                    "treatBooleanAsNumber": false
                                }
                            }
                        },
                        "inputs": [
                            {
                                "referenceName": "address",
                                "type": "DatasetReference",
                                "parameters": {}
                            }
                        ],
                        "outputs": [
                            {
                                "referenceName": "address_parquet",
                                "type": "DatasetReference",
                                "parameters": {}
                            }
                        ]
                    }
                ],
                "policy": {
                    "elapsedTimeMetric": {}
                },
                "annotations": [],
                "lastPublishTime": "2024-06-01T08:54:20Z"
            },
            "dependsOn": [
                "[concat(variables('factoryId'), '/datasets/address')]",
                "[concat(variables('factoryId'), '/datasets/address_parquet')]"
            ]
        },
        {
            "name": "[concat(parameters('factoryName'), '/copy_all_tables')]",
            "type": "Microsoft.DataFactory/factories/pipelines",
            "apiVersion": "2018-06-01",
            "properties": {
                "activities": [
                    {
                        "name": "Look for all tables",
                        "type": "Lookup",
                        "dependsOn": [],
                        "policy": {
                            "timeout": "0.12:00:00",
                            "retry": 0,
                            "retryIntervalInSeconds": 30,
                            "secureOutput": false,
                            "secureInput": false
                        },
                        "userProperties": [],
                        "typeProperties": {
                            "source": {
                                "type": "SqlServerSource",
                                "sqlReaderQuery": "SELECT \r\ns.name AS SchemaName,\r\nt.name AS TableName \r\nFROM sys.tables t \r\nINNER JOIN sys.schemas s\r\nON t.schema_id = s.schema_id \r\nWHERE s.name = 'SalesLT'",
                                "queryTimeout": "02:00:00",
                                "partitionOption": "None"
                            },
                            "dataset": {
                                "referenceName": "SqlServerTables",
                                "type": "DatasetReference",
                                "parameters": {}
                            },
                            "firstRowOnly": false
                        }
                    },
                    {
                        "name": "ForEach Schema Table",
                        "type": "ForEach",
                        "dependsOn": [
                            {
                                "activity": "Look for all tables",
                                "dependencyConditions": [
                                    "Succeeded"
                                ]
                            }
                        ],
                        "userProperties": [],
                        "typeProperties": {
                            "items": {
                                "value": "@activity('Look for all tables').output.value",
                                "type": "Expression"
                            },
                            "activities": [
                                {
                                    "name": "Copy Each Table",
                                    "type": "Copy",
                                    "dependsOn": [],
                                    "policy": {
                                        "timeout": "0.12:00:00",
                                        "retry": 0,
                                        "retryIntervalInSeconds": 30,
                                        "secureOutput": false,
                                        "secureInput": false
                                    },
                                    "userProperties": [],
                                    "typeProperties": {
                                        "source": {
                                            "type": "SqlServerSource",
                                            "sqlReaderQuery": {
                                                "value": "@{concat('SELECT * FROM ',item().SchemaName,'.',item().TableName)}",
                                                "type": "Expression"
                                            },
                                            "queryTimeout": "02:00:00",
                                            "partitionOption": "None"
                                        },
                                        "sink": {
                                            "type": "ParquetSink",
                                            "storeSettings": {
                                                "type": "AzureBlobFSWriteSettings"
                                            },
                                            "formatSettings": {
                                                "type": "ParquetWriteSettings"
                                            }
                                        },
                                        "enableStaging": false,
                                        "translator": {
                                            "type": "TabularTranslator",
                                            "typeConversion": true,
                                            "typeConversionSettings": {
                                                "allowDataTruncation": true,
                                                "treatBooleanAsNumber": false
                                            }
                                        }
                                    },
                                    "inputs": [
                                        {
                                            "referenceName": "SqlServerCopy",
                                            "type": "DatasetReference",
                                            "parameters": {}
                                        }
                                    ],
                                    "outputs": [
                                        {
                                            "referenceName": "ParquetTables",
                                            "type": "DatasetReference",
                                            "parameters": {
                                                "schemaname": {
                                                    "value": "@item().SchemaName",
                                                    "type": "Expression"
                                                },
                                                "tablename": {
                                                    "value": "@item().TableName",
                                                    "type": "Expression"
                                                }
                                            }
                                        }
                                    ]
                                }
                            ]
                        }
                    },
                    {
                        "name": "Bronze to Silver",
                        "type": "DatabricksNotebook",
                        "dependsOn": [
                            {
                                "activity": "ForEach Schema Table",
                                "dependencyConditions": [
                                    "Succeeded"
                                ]
                            }
                        ],
                        "policy": {
                            "timeout": "0.12:00:00",
                            "retry": 0,
                            "retryIntervalInSeconds": 30,
                            "secureOutput": false,
                            "secureInput": false
                        },
                        "userProperties": [],
                        "typeProperties": {
                            "notebookPath": "/Shared/bronze to silver"
                        },
                        "linkedServiceName": {
                            "referenceName": "AzureDatabricks1",
                            "type": "LinkedServiceReference"
                        }
                    },
                    {
                        "name": "Silver to Gold",
                        "type": "DatabricksNotebook",
                        "dependsOn": [
                            {
                                "activity": "Bronze to Silver",
                                "dependencyConditions": [
                                    "Succeeded"
                                ]
                            }
                        ],
                        "policy": {
                            "timeout": "0.12:00:00",
                            "retry": 0,
                            "retryIntervalInSeconds": 30,
                            "secureOutput": false,
                            "secureInput": false
                        },
                        "userProperties": [],
                        "typeProperties": {
                            "notebookPath": "/Shared/silver to gold"
                        },
                        "linkedServiceName": {
                            "referenceName": "AzureDatabricks1",
                            "type": "LinkedServiceReference"
                        }
                    }
                ],
                "policy": {
                    "elapsedTimeMetric": {}
                },
                "annotations": [],
                "lastPublishTime": "2024-06-09T12:20:38Z"
            },
            "dependsOn": [
                "[concat(variables('factoryId'), '/datasets/SqlServerTables')]",
                "[concat(variables('factoryId'), '/linkedServices/AzureDatabricks1')]",
                "[concat(variables('factoryId'), '/datasets/SqlServerCopy')]",
                "[concat(variables('factoryId'), '/datasets/ParquetTables')]"
            ]
        }
    ]
}